id,first_name,last_name,email,annual_salary
266498261,Woodie,Christmas,wchristmas0@webs.com,24151.62
784390286,Carole,Nettleship,cnettleship1@yahoo.com,12053.28
72526140,Warde,Vedekhin,wvedekhin2@creativecommons.org,8290.26
296407459,Rollie,MacCarroll,rmaccarroll3@microsoft.com,17158.2
411270687,Berkie,Pawelek,bpawelek4@oakley.com,4299.82
429694030,Leilah,Gurnay,lgurnay5@mediafire.com,19767.12
235986899,Issie,Hansford,ihansford6@ning.com,5658.13
162297473,Gray,Rouge,grouge7@oakley.com,20958.45
840620097,Mychal,Hayworth,mhayworth8@yale.edu,10420.52
795579487,Van,Curtayne,vcurtayne9@feedburner.com,18181.36
177415954,Arnaldo,Swires,aswiresa@slashdot.org,23780.79
403393579,Aylmer,Thorley,athorleyb@dropbox.com,15988.41
613962395,Wells,Cicchitello,wcicchitelloc@behance.net,6222.59
12497311,Portia,Sancias,psanciasd@usatoday.com,21259.62
510555972,Burke,Quinet,bquinete@pagespersoorange.fr,11245.78
300504991,Abbey,Ccomini,accominif@nifty.com,21857.19
644850354,Mirella,Belli,mbellig@jimdo.com,24128.08
731027985,Maryjo,Tejada,mtejadah@ihg.com,11805.77
669169679,Artair,Kenealy,akenealyi@lycos.com,16652.1
854596766,Diandra,Addy,daddyj@sohu.com,18820.51
590361513,Lyman,Strode,lstrodek@cnbc.com,5564.84
913841664,Alejoa,Gully,agullyl@abc.net.au,14859.62
102060613,Wayland,Tofts,wtoftsm@archive.org,11074.33
696378846,Anjanette,Ondrus,aondrusn@ox.ac.uk,5357.38
715214147,Georgie,Fanthom,gfanthomo@noaa.gov,6414.2
771293583,Kristos,Virgo,kvirgop@time.com,8529.46
607221910,Sharon,Frears,sfrearsq@ocn.ne.jp,20648.03
99136979,Jeno,Duffett,jduffettr@europa.eu,16677.59
731736861,Katrinka,Sibray,ksibrays@google.co.uk,18594.46
992060919,Bessie,Kaine,bkainet@hatena.ne.jp,10315.87
420039022,Bunnie,Armiger,barmigeru@youtu.be,19841.17
594436058,Basilio,Mathevon,bmathevonv@amazon.co.uk,9100.95
729625189,Sherman,Klosges,sklosgesw@wsj.com,11624.43
343615760,Timoteo,Roisen,troisenx@mediafire.com,7610.92
244524663,Eugine,Benson,ebensony@newyorker.com,13069.53
618407229,Hermione,Wyldish,hwyldishz@imgur.com,8551.46
97681386,Marget,Kempstone,mkempstone10@netvibes.com,19098.82
602384703,Reinold,Murrthum,rmurrthum11@pen.io,13664.87
89471384,Tilly,Rollinson,trollinson12@dropbox.com,24377.52
158262529,Powell,Elnough,pelnough13@vistaprint.com,17027.31
460047500,Vernor,MacKenny,vmackenny14@gizmodo.com,22036.29
522443970,Zonnya,Middup,zmiddup15@yahoo.com,11918.51
650061021,Kasper,Chicchetto,kchicchetto16@nbcnews.com,11330.39
278369585,Livvyy,Dyball,ldyball17@squidoo.com,23003.67
134406126,Clem,Habbeshaw,chabbeshaw18@paypal.com,4912.04
140956408,Bryce,Cambell,bcambell19@miitbeian.gov.cn,18191.84
508100882,Rafaelia,Feldhuhn,rfeldhuhn1a@gizmodo.com,15572.92
71725677,Susy,Gorringe,sgorringe1b@dyndns.org,15741.99
922253877,Tiena,Duncanson,tduncanson1c@addtoany.com,22085.24
791067055,Karyl,Burger,kburger1d@theglobeandmail.com,5647.05
994979584,Bartolemo,Franke,bfranke1e@github.io,18594.43
592394408,Katti,Laurie,klaurie1f@engadget.com,18643.61
604631959,Mercedes,D' Angelo,mdangelo1g@disqus.com,21439.19
280516481,Blanch,Tebbutt,btebbutt1h@istockphoto.com,13912.24
126172537,Alf,Sheavills,asheavills1i@about.com,20174.61
668644232,Hi,Dreini,hdreini1j@boston.com,24640.52
58345572,Randy,Bull,rbull1k@cbc.ca,22619.58
790737318,Ariel,Sweet,asweet1l@vk.com,9741.22
593159381,Valenka,Waples,vwaples1m@state.gov,18539.89
938417501,Lamar,McClaurie,lmcclaurie1n@acquirethisname.com,4917.22
892660561,Conrad,Kollach,ckollach1o@sciencedaily.com,15863.3
735635339,Orsa,Goley,ogoley1p@sina.com.cn,20084.36
149447755,Gasper,Hearnaman,ghearnaman1q@odnoklassniki.ru,5441.67
909453638,Doreen,Theriot,dtheriot1r@cmu.edu,3785.87
914274852,Kathy,Winspear,kwinspear1s@miitbeian.gov.cn,8404.91
299174481,Brose,Jarvis,bjarvis1t@netscape.com,7685.54
29420804,Adriano,Arthey,aarthey1u@yelp.com,3580.74
437613291,Clywd,Rubega,crubega1v@ted.com,11419.88
669801624,Gianni,Playfair,gplayfair1w@independent.co.uk,19672.57
176110931,Kenyon,Jeandet,kjeandet1x@oakley.com,15228.35
783136357,Joana,Balazin,jbalazin1y@technorati.com,20465.02
263788186,Wilmar,Grishin,wgrishin1z@github.com,20068.53
204955846,Robby,Heskin,rheskin20@amazonaws.com,16331.2
31424459,Sherrie,Misk,smisk21@marriott.com,4187.74
601769871,Sayres,MacScherie,smacscherie22@digg.com,24422.41
848494869,Wrennie,Currum,wcurrum23@wunderground.com,13456.03
107094391,Nehemiah,Cheyney,ncheyney24@g.co,23573.16
108598085,Shae,Jakuszewski,sjakuszewski25@simplemachines.org,22290.64
433595566,Rina,Campion,rcampion26@g.co,20898.31
383161371,Bing,Solley,bsolley27@earthlink.net,18971.85
638167348,Corette,Gerish,cgerish28@answers.com,21980.41
946585581,Dari,Morffew,dmorffew29@tuttocitta.it,12833.81
132787711,Tanner,Handford,thandford2a@ocn.ne.jp,10284.64
688214548,Norah,Mennear,nmennear2b@surveymonkey.com,8777.35
816522783,Itch,Prahm,iprahm2c@histats.com,13640.64
501122820,Patti,Corran,pcorran2d@reddit.com,9126.42
406257498,Penni,Assel,passel2e@mozilla.com,5942.15
413595852,Dolli,Conachie,dconachie2f@dropbox.com,3981.03
742279754,Joellyn,Fellgett,jfellgett2g@ucoz.ru,15924.57
869899489,Devlen,Rottenbury,drottenbury2h@time.com,19728.52
19813320,Eyde,Jowitt,ejowitt2i@listmanage.com,10430.33
710211406,Delphinia,Alcott,dalcott2j@businesswire.com,24849.75
89694094,Ashbey,Withrington,awithrington2k@ehow.com,24366.9
557354178,Howey,Tongue,htongue2l@army.mil,13285.15
39699714,Allissa,Sibson,asibson2m@archive.org,22594.55
145105590,Frasquito,Beahan,fbeahan2n@bloomberg.com,23734.68
47251920,Katleen,Nelhams,knelhams2o@jimdo.com,8041.81
223173121,Jordon,Sebborn,jsebborn2p@mapy.cz,16425.91
44817270,Ody,Bolf,obolf2q@prnewswire.com,3605.59
993274873,Lolita,Kneal,lkneal2r@delicious.com,18399.65
880957340,Bailey,Chatain,bchatain2s@dot.gov,12271.65
158510623,Trista,Ennever,tennever2t@soup.io,12853.07
174099199,Caryn,Bartlett,cbartlett2u@cnn.com,10493.17
343211177,Wilmar,Thom,wthom2v@biglobe.ne.jp,18472.76
970949223,Polly,Parriss,pparriss2w@vkontakte.ru,7588.19
69389963,Jaclyn,Rushforth,jrushforth2x@dmoz.org,7558.73
795604257,Cece,Sneden,csneden2y@deliciousdays.com,20865.42
515467638,Sharl,Dahlborg,sdahlborg2z@nhs.uk,24207.48
8503224,Leesa,Petrowsky,lpetrowsky30@ft.com,23203.57
550315274,Marwin,Hierro,mhierro31@ca.gov,15725.45
906117166,Eustace,Lambswood,elambswood32@businesswire.com,15523.32
502799359,Miquela,Fussell,mfussell33@eventbrite.com,4403.59
910334364,Cristen,Jorge,cjorge34@samsung.com,23457.44
409661581,Valentine,Reston,vreston35@1und1.de,17241.77
544445948,Derby,Kerrey,dkerrey36@ameblo.jp,18648.21
253359340,Evanne,Zecchi,ezecchi37@tiny.cc,21049.12
230879743,Selle,Goudy,sgoudy38@ovh.net,15465.18
917936089,Anatollo,Boni,aboni39@fc2.com,15659.72
329436116,Tierney,Wort,twort3a@dmoz.org,14190.75
872081168,Ettie,Abthorpe,eabthorpe3b@printfriendly.com,13374.24
375198501,Ario,MacNeely,amacneely3c@cisco.com,7334.91
858795594,Herculie,Simpkiss,hsimpkiss3d@dailymail.co.uk,17061.03
754558456,Yalonda,Abdey,yabdey3e@scribd.com,8405.75
987500447,Cathie,Ledington,cledington3f@army.mil,3706.62
854143558,Brear,Dorn,bdorn3g@free.fr,19420.23
501600601,Clemmy,Yare,cyare3h@wikimedia.org,6815.15
165745053,Bjorn,Palleske,bpalleske3i@typepad.com,20553.38
542632066,Maisey,Phaup,mphaup3j@psu.edu,15424.29
879562241,Jada,Bohling,jbohling3k@comcast.net,15305.12
410051414,Adey,Fawssett,afawssett3l@biblegateway.com,11370.27
688925799,Wynne,Sloy,wsloy3m@amazon.co.jp,17225.18
883252774,Wyatt,Stonestreet,wstonestreet3n@state.tx.us,11988.01
175800554,Pippy,Caple,pcaple3o@ow.ly,17075.84
378206520,Barbie,Greest,bgreest3p@ucoz.com,9585.17
146925626,Starla,Moger,smoger3q@fotki.com,10580.55
201912388,Marie,Gapper,mgapper3r@psu.edu,4157.2
637041425,Gennie,Norsister,gnorsister3s@dell.com,8834.26
231065668,Brianne,Vanderson,bvanderson3t@joomla.org,9050.33
117710101,Roosevelt,Atwell,ratwell3u@webeden.co.uk,5495.67
971790840,Bent,Jessard,bjessard3v@tamu.edu,11249.6
110325538,Helaina,Howlett,hhowlett3w@ycombinator.com,4108.34
378121621,Andie,St. Louis,astlouis3x@nba.com,20944.11
719948654,Auberta,Sobtka,asobtka3y@freewebs.com,23705.11
602892404,Nanon,Jurczak,njurczak3z@constantcontact.com,17605.71
226481621,Jarrod,Meadway,jmeadway40@aboutads.info,13422.97
360531785,Haley,Clemoes,hclemoes41@webeden.co.uk,5495.7
968215831,Laney,Terne,lterne42@pbs.org,18643.08
295232872,Shauna,Dollar,sdollar43@yolasite.com,10328.54
593994525,Merissa,Koppe,mkoppe44@digg.com,9405.09
252372102,Reece,Lias,rlias45@mysql.com,14329.84
604148354,Hatti,Mabbitt,hmabbitt46@columbia.edu,13956.5
239327978,Ulick,Tempest,utempest47@adobe.com,16424.63
410854150,Carolynn,Ivatts,civatts48@vk.com,3963.59
695061713,Gerhardt,Beasant,gbeasant49@cam.ac.uk,21792.57
926907822,Ellswerth,Fulks,efulks4a@1688.com,24194.79
397212735,Normie,O'Hollegan,nohollegan4b@furl.net,6874.37
187001658,Keslie,Duckham,kduckham4c@icq.com,8108.71
292446297,Hanny,Weighell,hweighell4d@instagram.com,19172.12
265917992,Eveleen,Avramchik,eavramchik4e@upenn.edu,22595
620486464,Darda,Lade,dlade4f@google.com,12709.62
243451491,Romona,Dennitts,rdennitts4g@cyberchimps.com,10458
342977016,Lynnea,Mixhel,lmixhel4h@google.fr,21020.01
290538301,Eugene,Bythell,ebythell4i@chicagotribune.com,4076.62
903239829,Theo,Curphey,tcurphey4j@ow.ly,23025.58
52297515,Tanner,Whimpenny,twhimpenny4k@cnet.com,8135.66
221644382,Mitchell,Fellman,mfellman4l@ehow.com,20423.1
960082101,Rafael,Nunns,rnunns4m@ucsd.edu,8296.48
961899696,Clark,Spataro,cspataro4n@4shared.com,17325.3
79304429,Spense,Casino,scasino4o@cdc.gov,3720.65
143947067,Otis,Ochterlony,oochterlony4p@hud.gov,14969.85
829808938,Celle,Coskerry,ccoskerry4q@ow.ly,11264.26
283762054,Sunshine,Dyment,sdyment4r@mail.ru,20184.4
113512718,Celisse,Kamen,ckamen4s@nifty.com,14271.02
934019878,Gilberto,Manis,gmanis4t@cam.ac.uk,4905.84
287958245,Tome,Hutton,thutton4u@furl.net,3785.16
681268105,Fredric,Girsch,fgirsch4v@cocolognifty.com,11767.84
168858895,Austine,Scrivin,ascrivin4w@godaddy.com,11278.32
412265080,Kriste,Jopp,kjopp4x@smugmug.com,16620.84
993520708,Sybila,Akeherst,sakeherst4y@tonline.de,17481.9
950514442,Alexine,Norvell,anorvell4z@mapquest.com,8364.14
670620750,Jacquette,McFfaden,jmcffaden50@miibeian.gov.cn,12447.98
847912387,Chester,Blemen,cblemen51@opensource.org,10303
33788042,Ophelia,Claessens,oclaessens52@loc.gov,8753.15
356825387,Aurea,Rennels,arennels53@dailymail.co.uk,6981.37
346371686,Anette,Skerman,askerman54@hubpages.com,13033.47
90776550,Field,Worswick,fworswick55@php.net,9996.19
582031653,Laney,Arber,larber56@twitpic.com,4613.95
150635037,Lanni,Smeed,lsmeed57@shoppro.jp,20144.86
596435652,Sula,Lammers,slammers58@thetimes.co.uk,12929.33
424465108,Saloma,Hiner,shiner59@biglobe.ne.jp,20058.67
290333230,Ange,Lawday,alawday5a@alexa.com,20529.54
812069506,Guinevere,Hebbs,ghebbs5b@bigcartel.com,9694.68
560846799,Gwendolen,Gawne,ggawne5c@domainmarket.com,22272.67
40159273,Cyril,Lambourne,clambourne5d@scribd.com,22288.4
839436901,Trace,Dodd,tdodd5e@addtoany.com,11492.17
503431458,Nona,Guilloneau,nguilloneau5f@columbia.edu,24025.02
616130940,Heall,Colledge,hcolledge5g@smugmug.com,8794.17
216737512,Siusan,Parbrook,sparbrook5h@ucsd.edu,4292.9
777565675,Leland,Ogilvie,logilvie5i@archive.org,11669.14
291538042,Brockie,Thistleton,bthistleton5j@walmart.com,10639.92
792051651,Nickie,Callcott,ncallcott5k@bloglines.com,16177.94
896533393,Melba,Jikovsky,mjikovsky5l@wisc.edu,3953.93
150936864,Shaine,Benford,sbenford5m@seattletimes.com,8664.89
82076264,Alfie,Skyppe,askyppe5n@yellowbook.com,7956.44
560596126,Erhard,Rittmeier,erittmeier5o@bloomberg.com,23309.53
920980313,Alisa,Allanson,aallanson5p@unicef.org,16211.79
577875687,Noak,Jowle,njowle5q@histats.com,22003.25
74899221,Alene,Shenley,ashenley5r@mac.com,20932.66
90279068,Livvyy,Drakard,ldrakard5s@usda.gov,16238.4
711007731,Rey,Dring,rdring5t@live.com,6752.34
599776286,Sammy,Rooze,srooze5u@diigo.com,15420.13
386600517,Sianna,Gaynesford,sgaynesford5v@wikimedia.org,14914.99
588316242,Buddie,Foskett,bfoskett5w@prlog.org,3768.37
920075491,Jaynell,Faux,jfaux5x@ted.com,3560.9
575210541,Rosalinde,Damp,rdamp5y@spiegel.de,23374.25
722530529,Emlyn,Wonfar,ewonfar5z@xing.com,7988.56
9425830,Stafford,Hedges,shedges60@vkontakte.ru,22007.72
686094181,Ferdinande,Hubbart,fhubbart61@csmonitor.com,18551.1
90015067,Brenden,Courcey,bcourcey62@diigo.com,3822.4
291307284,Delilah,Kubecka,dkubecka63@tonline.de,16599.11
10685459,Jania,Bridgland,jbridgland64@businesswire.com,15511.19
918611511,Audrey,Scimoni,ascimoni65@noaa.gov,4997.39
161197938,Harris,Driver,hdriver66@mediafire.com,9346.9
69924776,Sibbie,Polini,spolini67@addtoany.com,5655.5
76591889,Pavlov,Marvel,pmarvel68@zimbio.com,13710.67
163475862,Lynette,Bissell,lbissell69@npr.org,9877.62
536913988,Ange,Kerwood,akerwood6a@ebay.com,13350.1
521687481,Morten,Netherwood,mnetherwood6b@google.com.br,9459.61
163928487,Corabelle,Eason,ceason6c@eepurl.com,16694.86
63020542,Estevan,Duxfield,eduxfield6d@statcounter.com,23882.86
458865202,Aviva,Hoff,ahoff6e@yahoo.com,22646.46
248785477,Farlay,Yeoman,fyeoman6f@meetup.com,20342.59
840272653,Orsa,Jouanny,ojouanny6g@feedburner.com,14521.85
469811699,Sullivan,Pammenter,spammenter6h@cam.ac.uk,8000.16
938116995,Gayle,Ubsdall,gubsdall6i@accuweather.com,8138.71
978729203,Jack,Stoneman,jstoneman6j@netvibes.com,7953.66
877966116,Virginie,Braidley,vbraidley6k@nih.gov,5194.81
227259838,Kliment,Matschke,kmatschke6l@digg.com,7978.28
758672725,Noella,Ladbury,nladbury6m@craigslist.org,24068.93
223065718,Josias,Elcoat,jelcoat6n@redcross.org,15135.68
384280758,Padgett,McGurgan,pmcgurgan6o@sun.com,4279.26
583137085,Franky,Pallin,fpallin6p@aboutads.info,4595.32
827430490,Arturo,Lewsy,alewsy6q@hp.com,22797.86
990416831,Aridatha,Yurkov,ayurkov6r@stumbleupon.com,12559.51
301741878,Sofia,Bales,sbales6s@hatena.ne.jp,5798.15
152155409,Francisca,Chown,fchown6t@tumblr.com,12568.62
32525633,Ulysses,Camerana,ucamerana6u@intel.com,20930.71
130150217,Ulrika,Lavers,ulavers6v@istockphoto.com,15417.12
359894439,Emanuel,Cardoo,ecardoo6w@amazon.de,13160.12
213078857,Ezri,Vanyakin,evanyakin6x@icq.com,20385.4
133186196,Tamarra,Meach,tmeach6y@auda.org.au,22264.46
586918304,Morgana,Baldassi,mbaldassi6z@blogger.com,22772.24
58269023,Urbanus,Paxforde,upaxforde70@adobe.com,5181.55
613708263,Kinna,Wandrey,kwandrey71@nifty.com,18952.74
352586124,Ab,Halworth,ahalworth72@webnode.com,19406.82
48028639,Dore,Johnsee,djohnsee73@omniture.com,14495.68
256712008,Jordan,Ambrois,jambrois74@hexun.com,23402.47
727337719,Carmelia,Armin,carmin75@cloudflare.com,7290.52
127810859,Lissa,Poltun,lpoltun76@ca.gov,20297.06
286179124,Connie,Doble,cdoble77@cyberchimps.com,16749.92
859186686,Winny,Vasilmanov,wvasilmanov78@craigslist.org,6301.55
969495510,Bendite,Paramore,bparamore79@stanford.edu,4753.52
88725896,Gisela,Caselick,gcaselick7a@unblog.fr,20562.94
781697895,Jo,Malpass,jmalpass7b@posterous.com,20582.41
71882469,Theresa,Sherred,tsherred7c@tinypic.com,23899.07
612522073,Leonore,Obee,lobee7d@amazon.co.uk,11465.14
779818471,Felicia,Lergan,flergan7e@dion.ne.jp,22670.43
207947355,Roze,Kinnerley,rkinnerley7f@zimbio.com,16690.64
204072400,Loella,Moyne,lmoyne7g@oakley.com,12346.12
530270551,Humbert,Blanning,hblanning7h@sbwire.com,21000.26
874814944,Sarah,Malia,smalia7i@ucoz.com,18598.06
578633210,Ewell,Eayres,eeayres7j@ed.gov,21537.74
206950414,Tildy,Spiller,tspiller7k@sbwire.com,10984.58
62783002,Janette,Bulch,jbulch7l@engadget.com,24867.24
309530680,Adrianne,Tregaskis,atregaskis7m@wix.com,16374.05
601243701,Cheryl,Pegram,cpegram7n@cmu.edu,18539.12
60514399,Jo,Knatt,jknatt7o@newsvine.com,3584.71
166189281,Saunders,Grishin,sgrishin7p@mit.edu,11758.34
374629732,Hugo,Charopen,hcharopen7q@hostgator.com,5107.1
278778003,Rowland,Mutimer,rmutimer7r@simplemachines.org,4104.21
825720470,Foss,Joselevitch,fjoselevitch7s@ning.com,23309.22
362603111,Krisha,Whear,kwhear7t@archive.org,12651.11
695453335,Adoree,Gribble,agribble7u@indiegogo.com,5577.56
573700100,Valeda,McOwan,vmcowan7v@yolasite.com,19048.26
152914485,Deena,Ruprechter,druprechter7w@bigcartel.com,7033.83
539396447,Karlene,Ianson,kianson7x@globo.com,7771.68
780553929,Zelma,Gummow,zgummow7y@nsw.gov.au,19267.19
181582470,Gregory,Connue,gconnue7z@scientificamerican.com,15808.97
420411538,Dorelia,Breadon,dbreadon80@ibm.com,13811.99
433137276,Barby,Mains,bmains81@dailymotion.com,23702.52
994204735,Devlen,Kasher,dkasher82@cnn.com,12783.04
368508459,Desiree,Feighry,dfeighry83@arizona.edu,24534.66
861619891,Cosme,McMyler,cmcmyler84@is.gd,5656.41
386601952,Vasily,Boolsen,vboolsen85@latimes.com,20805.17
971709487,Wendy,Abrahamsen,wabrahamsen86@engadget.com,16440.56
800274347,Gus,Geraldez,ggeraldez87@acquirethisname.com,14656.67
981080657,Annice,Verty,averty88@rambler.ru,24468.37
125934671,Gustie,Foxwell,gfoxwell89@wsj.com,11429.28
546721687,Gayle,Algore,galgore8a@miibeian.gov.cn,12269.53
156107718,Shanda,Bates,sbates8b@theglobeandmail.com,4057.01
154309776,Hilliard,Bloxsom,hbloxsom8c@creativecommons.org,11928.23
37583383,Rabi,Tribe,rtribe8d@dagondesign.com,12712.07
523861209,Vanni,Asker,vasker8e@wp.com,4620.42
152198396,Erskine,Bernat,ebernat8f@google.co.uk,20241.12
10003196,Alli,Lanaway,alanaway8g@aol.com,20595.71
534193609,Kaylee,Rabbe,krabbe8h@ebay.co.uk,22124.36
548793990,Bobine,Gillitt,bgillitt8i@t.co,12844.13
308737322,Angie,Teare,ateare8j@time.com,4996.19
223747556,Kelbee,Jewster,kjewster8k@tonline.de,6967.28
571571390,Correy,Munson,cmunson8l@wunderground.com,6399.66
7134870,Park,Jedrzejewicz,pjedrzejewicz8m@instagram.com,22824.91
127509212,Minna,Stede,mstede8n@addthis.com,19619.24
836164059,Raine,Rosiello,rrosiello8o@huffingtonpost.com,11562.77
77446257,Krystalle,Yellowley,kyellowley8p@ted.com,12340.59
758723800,Sarena,Horsewood,shorsewood8q@mtv.com,10751.67
54854043,Alyssa,Gert,agert8r@japanpost.jp,8610.98
161518756,Nobe,Geare,ngeare8s@vistaprint.com,22569.27
475342330,Clarine,Nobbs,cnobbs8t@devhub.com,22926.23
694759250,Estevan,Randal,erandal8u@rediff.com,23536.02
824103423,Alicea,Mattis,amattis8v@canalblog.com,21124.01
752615832,Dyan,Scutchings,dscutchings8w@slashdot.org,4123.91
613637628,Connie,MacCumeskey,cmaccumeskey8x@businessweek.com,8050.38
585774506,Eolanda,Mc Elory,emcelory8y@cloudflare.com,17291.71
635593915,Holt,Forcer,hforcer8z@noaa.gov,22289.47
654572047,Celia,Goodread,cgoodread90@bloglines.com,15743.92
535860622,Lauritz,Wheble,lwheble91@woothemes.com,4691.43
63652065,Bryant,Pauly,bpauly92@dyndns.org,16738.23
401366469,Jedediah,Seedhouse,jseedhouse93@sogou.com,8638.49
66382246,Kit,Lefley,klefley94@tiny.cc,13234.54
262430940,Juana,Diggins,jdiggins95@google.co.uk,5530.67
952905877,Jobyna,Pitfield,jpitfield96@wsj.com,23902.8
305087094,Addia,Swalough,aswalough97@harvard.edu,5804.43
158574932,Ruthe,Gregs,rgregs98@wikimedia.org,10945.48
541579591,Alexine,Licciardo,alicciardo99@sonet.ne.jp,13495.73
987964069,Armando,Cassidy,acassidy9a@gravatar.com,17006
585705425,Delphine,Curro,dcurro9b@usnews.com,18294.39
613478311,Renato,Henbury,rhenbury9c@state.tx.us,14698.32
17721704,Penny,Tiley,ptiley9d@wufoo.com,21743.56
794725213,Jacki,Crohan,jcrohan9e@discovery.com,5092.03
938608412,Lurette,Filipchikov,lfilipchikov9f@google.nl,6840.84
134698471,Adriana,Wharby,awharby9g@livejournal.com,24311.56
897418001,Guglielmo,Lawty,glawty9h@squidoo.com,21158.35
311332974,Denys,Harlock,dharlock9i@icq.com,16753.46
265236795,Elisabeth,Hubble,ehubble9j@addthis.com,17478.66
571511208,Emelyne,Vitet,evitet9k@blinklist.com,22052.6
960794984,Adan,Stentiford,astentiford9l@patch.com,22904.15
920785586,Gayelord,Daveran,gdaveran9m@gov.uk,15149.21
328889034,Lindy,Reckus,lreckus9n@examiner.com,23403.33
324793498,Ariel,Bolderoe,abolderoe9o@ebay.co.uk,23065.76
370507645,Nicoline,Van Driel,nvandriel9p@huffingtonpost.com,14987.9
76536141,Celeste,Triplett,ctriplett9q@youtu.be,23745.53
557789038,Dinny,Preene,dpreene9r@kickstarter.com,15303.06
750314983,Rosmunda,Spearman,rspearman9s@paginegialle.it,18387.88
263404133,Prent,Housiaux,phousiaux9t@mayoclinic.com,6596.41
259182450,Zebedee,Arson,zarson9u@blogger.com,6134.87
283132532,Gelya,Roughley,groughley9v@phpbb.com,20067.62
761115973,Maia,Vosper,mvosper9w@tinypic.com,13081.32
653320979,Sadye,Peye,speye9x@time.com,6775.23
722755656,Elyn,Gavrielli,egavrielli9y@xrea.com,18484.16
591097475,Evangelina,O' Donohue,eodonohue9z@soundcloud.com,14688.84
707522814,Sile,Priden,spridena0@unesco.org,9067.76
197811217,Alfonso,Easman,aeasmana1@ft.com,3994.64
737956013,Breanne,Alishoner,balishonera2@wordpress.org,18589.62
829884156,Robbert,Munnings,rmunningsa3@edublogs.org,11748.5
470096444,Maryanne,Nelthorpe,mnelthorpea4@goo.ne.jp,18069.18
871241596,Sarajane,Roddy,sroddya5@microsoft.com,17626.68
265760610,Gilemette,Grassick,ggrassicka6@wunderground.com,24627.58
166607697,Dillie,Loyley,dloyleya7@thetimes.co.uk,5124.01
930030738,Ursola,Stambridge,ustambridgea8@squidoo.com,19053.78
633368173,Wendall,Shippam,wshippama9@hostgator.com,19901.22
474143805,Gerick,Nuemann,gnuemannaa@amazon.de,14481.22
13581798,Cristionna,Nichols,cnicholsab@liveinternet.ru,22800.49
801000267,Davis,Cringle,dcringleac@nhs.uk,5793.57
889927151,Tallie,Willmore,twillmoread@opensource.org,8598.69
139019832,Hazel,Bathersby,hbathersbyae@free.fr,24698.54
549113441,Reeva,Birckmann,rbirckmannaf@homestead.com,19846.86
162668964,Cris,Hardy,chardyag@tumblr.com,16094.22
615955502,Hersch,Finlason,hfinlasonah@webmd.com,19263.3
944469078,Brear,Duffett,bduffettai@yahoo.co.jp,7148.15
110590785,Calla,KardosStowe,ckardosstoweaj@google.com,12540.96
611491244,Augustina,Flemming,aflemmingak@blogspot.com,13768.65
863255469,Deedee,Schwandermann,dschwandermannal@yolasite.com,15865.71
913225496,Elianora,Moakes,emoakesam@ifeng.com,12431.58
263023870,Kassie,Lieber,klieberan@myspace.com,10611.74
839361219,Collete,Abbati,cabbatiao@epa.gov,23786.91
678173232,Darline,Nornable,dnornableap@hibu.com,15478.79
154516722,Ines,Brisse,ibrisseaq@yelp.com,8983.52
640212933,Abbi,Ferriere,aferrierear@ustream.tv,3503.82
615240229,Riva,Killoran,rkilloranas@theglobeandmail.com,5305.25
27197085,Salmon,Ort,sortat@nifty.com,13030.69
288777619,Silvia,Hughes,shughesau@lycos.com,6180.89
265030312,Brynne,Start,bstartav@cam.ac.uk,14980.19
354814281,Bettine,Berger,bbergeraw@sonet.ne.jp,23471.51
975699785,Eward,Engledow,eengledowax@deviantart.com,11107.19
585439175,Gawen,Ucchino,gucchinoay@cafepress.com,12430.26
498269675,Paolina,Tarver,ptarveraz@businessinsider.com,3587.27
139777401,Ally,Rayworth,arayworthb0@vk.com,23611.08
424826604,Davida,Ferenczi,dferenczib1@etsy.com,20815.21
713331725,Maximilien,Hambright,mhambrightb2@dailymail.co.uk,17394.6
955830114,Had,Simonot,hsimonotb3@toplist.cz,23606.15
128415316,Bernadina,Redhouse,bredhouseb4@wiley.com,14123.74
472241533,Rolf,Okell,rokellb5@google.de,18106.65
364256099,Trenna,Cotty,tcottyb6@engadget.com,16154.74
971894916,Connor,Jacobsen,cjacobsenb7@wix.com,18596.92
830282388,Dolli,Bambra,dbambrab8@economist.com,14289.1
283349826,Lorine,Brokenshaw,lbrokenshawb9@ovh.net,5661.51
738494696,Dorene,McLaughlan,dmclaughlanba@mashable.com,20991.25
63842615,Horten,Di Domenico,hdidomenicobb@sciencedirect.com,20028.32
92556945,Bethanne,Gatchel,bgatchelbc@rediff.com,6437.06
452946499,Sheridan,Mantrup,smantrupbd@elegantthemes.com,20831.73
284295089,Aloise,Pollen,apollenbe@apache.org,7546.42
266554542,Chick,Tailby,ctailbybf@ca.gov,6593.3
929139189,Jarad,Braundt,jbraundtbg@barnesandnoble.com,18224.7
862799321,Trescha,Connochie,tconnochiebh@spiegel.de,11400.71
154481420,Adan,See,aseebi@dyndns.org,5912.33
857728560,Kingston,Congdon,kcongdonbj@domainmarket.com,10212.79
633485976,Isaac,Fierman,ifiermanbk@reuters.com,11704.78
89120143,Lucie,Fallon,lfallonbl@imdb.com,12377.12
820507745,Alice,Dorrell,adorrellbm@google.ca,8452.14
84405588,Jordan,Bhar,jbharbn@yellowbook.com,4449.44
329863476,Jasen,Felix,jfelixbo@webs.com,23682.21
164798845,Worthy,Cropp,wcroppbp@marketwatch.com,4745.37
874073308,Tonie,Willimont,twillimontbq@google.it,5606.07
508083872,Patrizius,Squeers,psqueersbr@kickstarter.com,20144.38
430482539,Kit,Amsberger,kamsbergerbs@nymag.com,9468.18
154021977,Margret,Buckner,mbucknerbt@oaic.gov.au,10591.64
280703920,Rebe,Struijs,rstruijsbu@state.gov,22678.17
652531996,Frederique,Febvre,ffebvrebv@ted.com,15677
21413562,Anastasia,Sugars,asugarsbw@delicious.com,14626.58
731649817,Genovera,Duckwith,gduckwithbx@privacy.gov.au,14900.33
220689838,Nicki,Pascho,npaschoby@businessweek.com,11678.51
774536467,Aleda,Langmead,alangmeadbz@ucsd.edu,8354.7
118481071,Curr,Latliff,clatliffc0@latimes.com,7559.06
920425642,Perri,Vedyasov,pvedyasovc1@state.gov,3916.74
877495010,Fredia,Evenett,fevenettc2@photobucket.com,17778.42
899456872,Darsey,Hanna,dhannac3@devhub.com,19246.04
767016282,Pippa,Stoffers,pstoffersc4@dot.gov,14932.13
551225514,Heywood,Dallewater,hdallewaterc5@lycos.com,17314.68
596503651,Alyss,de Juares,adejuaresc6@yale.edu,21128.56
252387270,Horatio,Lauritsen,hlauritsenc7@usda.gov,9917.83
930104796,Gal,Jakubovitch,gjakubovitchc8@yolasite.com,8833.97
654182975,Elita,Sabban,esabbanc9@msn.com,4500.61
242037024,Cordula,O'Hagirtie,cohagirtieca@zdnet.com,19222.31
849295757,Alisander,Colcomb,acolcombcb@answers.com,9183.55
521172630,Nona,Thynne,nthynnecc@erecht24.de,8686.2
406079622,Ladonna,Densey,ldenseycd@usa.gov,16709.84
397686878,Leila,Doerr,ldoerrce@alibaba.com,16162.71
161699766,Torie,Mabbutt,tmabbuttcf@europa.eu,22949.15
946367254,Hollie,McGahy,hmcgahycg@meetup.com,5641.64
12598664,Ethelin,Cordingly,ecordinglych@admin.ch,7446.53
661906125,Curtis,Matthaus,cmatthausci@jalbum.net,4112.31
728275322,Tawsha,Coyish,tcoyishcj@lycos.com,7557.2
249429269,Betty,Kiehnlt,bkiehnltck@trellian.com,23769.58
500035300,Jaquith,Dunkerton,jdunkertoncl@hc360.com,14200.75
490127011,Brina,Suffe,bsuffecm@indiatimes.com,17481.21
452204010,Robers,Franzettoini,rfranzettoinicn@bing.com,16298.6
732185838,Koralle,Makeswell,kmakeswellco@home.pl,24308.56
604305157,Sher,Wixey,swixeycp@prlog.org,24447.6
254537215,Claybourne,Chasteau,cchasteaucq@theglobeandmail.com,19794.62
930563476,Erv,Gerardin,egerardincr@mac.com,6776.5
285817950,Jessey,Lesmonde,jlesmondecs@livejournal.com,12365.36
3923931,Alica,Burghill,aburghillct@bravesites.com,24956.29
378879895,Pierre,Iban,pibancu@bbb.org,8390.98
204968472,Veronica,Menicomb,vmenicombcv@howstuffworks.com,6211.11
186329361,Anderea,Gopsell,agopsellcw@opensource.org,8740.32
843096881,Wini,Gabriely,wgabrielycx@icq.com,9404.63
950377080,Elmo,Gissing,egissingcy@moonfruit.com,23153.78
535271003,Sarah,Phetteplace,sphetteplacecz@mit.edu,14981.05
417377846,Percival,Brauninger,pbrauningerd0@wiley.com,24054.92
898490631,Borden,Shotboulte,bshotboulted1@cdc.gov,13273.4
682109523,Farand,Sautter,fsautterd2@hugedomains.com,24248.64
595416555,Danyelle,Simper,dsimperd3@sonet.ne.jp,4454.6
585140146,Mortimer,Burnyate,mburnyated4@bing.com,8886.77
356171273,Weidar,Bounds,wboundsd5@altervista.org,14596.04
432817386,Sasha,Dorking,sdorkingd6@telegraph.co.uk,19261.5
523763177,Cathi,Messer,cmesserd7@github.com,11406.51
902908538,Loraine,Leaney,lleaneyd8@virginia.edu,6636.81
291267918,Haslett,Poundsford,hpoundsfordd9@google.ca,16997.63
52000980,Roobbie,Kingcote,rkingcoteda@biblegateway.com,17136.7
918978226,Chaunce,Shivlin,cshivlindb@oaic.gov.au,11274.24
570961678,Averil,Woodings,awoodingsdc@youku.com,11432.31
537305798,Shanna,Babbe,sbabbedd@squidoo.com,11395.39
515609390,Korie,Churchill,kchurchillde@arizona.edu,6704.26
598748734,Elisa,Barczewski,ebarczewskidf@ucoz.ru,6040.83
963720868,Hirsch,Sidworth,hsidworthdg@reddit.com,4507.58
169965128,Mario,Overall,moveralldh@geocities.com,22597.11
889380247,Xena,Cale,xcaledi@senate.gov,17978.98
874218429,Budd,Larsen,blarsendj@theglobeandmail.com,19506.87
384619487,Dillon,Casemore,dcasemoredk@clickbank.net,22665.85
994623961,Alfreda,Maciak,amaciakdl@slideshare.net,14502.18
562274992,Didi,Bainton,dbaintondm@listmanage.com,4217.94
214898699,Ardelis,Petrolli,apetrollidn@mysql.com,6163.28
462719980,Land,Semrad,lsemraddo@linkedin.com,15611.24
597574183,Claudia,Pedrollo,cpedrollodp@cafepress.com,16100.2
446434596,Keely,De Banke,kdebankedq@sciencedaily.com,18293.69
237836580,Marcos,Humpherson,mhumphersondr@nsw.gov.au,23834.87
269136931,Meris,Sterland,msterlandds@tripod.com,15987.55
981666487,Godfry,Gwynne,ggwynnedt@ehow.com,3618.22
592759817,Kasper,Tilliards,ktilliardsdu@about.com,10856.66
977372147,Blondelle,Brumen,bbrumendv@issuu.com,21495.78
910114592,Ailyn,Heckle,aheckledw@berkeley.edu,14322.7
762950389,Alexis,Reichelt,areicheltdx@gizmodo.com,15422.84
819592987,Devin,Pepperill,dpepperilldy@networkadvertising.org,9527.53
698628529,Polly,Grzegorzewicz,pgrzegorzewiczdz@marriott.com,11409.2
265242806,Dedie,Ledford,dledforde0@nasa.gov,12840.34
462784739,Moyra,Giblett,mgiblette1@opensource.org,9519.27
893538793,Agnesse,Jadczak,ajadczake2@themeforest.net,20964.15
590972456,Ede,Birnie,ebirniee3@addthis.com,21800.37
168800255,Allsun,Arthur,aarthure4@multiply.com,18720.67
777684417,Mycah,Delahunty,mdelahuntye5@timesonline.co.uk,13741.22
350853978,Murry,Cardenoso,mcardenosoe6@123reg.co.uk,4327.28
155096875,Sonnie,Treharne,streharnee7@cam.ac.uk,18533.03
688067867,Ruddie,Dodworth,rdodworthe8@newsvine.com,23206.2
443689987,Alie,McVaugh,amcvaughe9@apache.org,18535.25
270164271,Chalmers,Szymanzyk,cszymanzykea@china.com.cn,7259.42
983429459,Giacopo,Caffin,gcaffineb@about.com,15508.4
619789824,Nevsa,Woolmer,nwoolmerec@deliciousdays.com,7222.2
737173759,Letitia,Ayliffe,layliffeed@reddit.com,24612.11
18592644,Rudy,Hardage,rhardageee@abc.net.au,19643.52
846440511,Hugh,Veltmann,hveltmannef@sogou.com,19258.62
160830890,Amery,Bricham,abrichameg@google.com,21052.64
668096785,Carrissa,Pooly,cpoolyeh@mlb.com,8235.86
793854026,Angelico,Anchor,aanchorei@ameblo.jp,5292.96
73320790,Guillaume,Outhwaite,gouthwaiteej@tumblr.com,20916.53
725039528,Creigh,Sumner,csumnerek@oakley.com,20610.58
989459125,Pavia,Jervois,pjervoisel@elpais.com,19079.68
219985454,Marleen,Belcham,mbelchamem@soundcloud.com,8600.13
935557547,Margette,Girke,mgirkeen@nationalgeographic.com,24169.01
688468023,Lida,Hevner,lhevnereo@hexun.com,13339.53
953800747,Norry,Ching,nchingep@earthlink.net,5847.93
971411643,Costa,Permain,cpermaineq@ebay.co.uk,3519.78
71903542,Urson,Golley,ugolleyer@google.it,8754.75
251326885,Annetta,Bibbie,abibbiees@rakuten.co.jp,22278.03
729612934,Archibald,Hanse,ahanseet@webeden.co.uk,21393.87
158818945,Matty,Grimsley,mgrimsleyeu@taobao.com,11244.1
622548813,Lishe,Wimlet,lwimletev@microsoft.com,11081.15
442200221,Doti,Linstead,dlinsteadew@aol.com,23703.97
132705719,Una,Antonietti,uantoniettiex@yelp.com,23634.28
840822332,Leandra,Toft,ltoftey@washingtonpost.com,6010.17
84343090,Jarrad,Pury,jpuryez@skyrock.com,18049.76
576410817,Krisha,Bernardoni,kbernardonif0@cisco.com,19592.68
822919953,Barrie,Jolley,bjolleyf1@technorati.com,4129.15
28678610,Bartel,Fleming,bflemingf2@biblegateway.com,11536.87
230928741,Jeana,Blood,jbloodf3@bbc.co.uk,22294.89
8991899,Cissiee,Tuddall,ctuddallf4@arstechnica.com,15693.84
88547639,Erasmus,Lyffe,elyffef5@latimes.com,9391.02
934496229,Claudia,Jenkison,cjenkisonf6@dion.ne.jp,10358.44
880337442,Marcille,Capel,mcapelf7@godaddy.com,22720.13
653210031,Wini,Phuprate,wphupratef8@engadget.com,5830.18
60208070,Sal,Riggott,sriggottf9@ehow.com,18832.64
524129886,Herculie,Jeffree,hjeffreefa@marketwatch.com,14957.03
302252898,Brant,Plampin,bplampinfb@sphinn.com,7366.13
843178497,Shalom,Bignold,sbignoldfc@myspace.com,21983.73
955724451,Palmer,Thebeau,pthebeaufd@spotify.com,11601.62
89620254,Silvain,Medmore,smedmorefe@unesco.org,10520.81
361469007,Guenevere,Cyseley,gcyseleyff@ucoz.com,3719.89
458880649,Jenna,Haugg,jhauggfg@abc.net.au,24029.33
719874559,Ethelyn,Treece,etreecefh@cafepress.com,5334.99
331763560,Archambault,Johnigan,ajohniganfi@dagondesign.com,21366.36
276804810,Teodoro,Van Hesteren,tvanhesterenfj@smh.com.au,10223.72
403711111,Rochell,Hayhurst,rhayhurstfk@nifty.com,14225.26
352127622,Berkie,Iacovucci,biacovuccifl@whitehouse.gov,23433.51
887088375,Dennet,Drillingcourt,ddrillingcourtfm@devhub.com,7363.53
390529762,Erhard,Chopping,echoppingfn@merriamwebster.com,11062.79
976167752,Fremont,Pariss,fparissfo@nba.com,5163.38
495324127,Jobi,Blakeston,jblakestonfp@twitpic.com,16846.84
487040849,Albina,Gillion,agillionfq@vimeo.com,24982.99
529042392,Kliment,Lancetter,klancetterfr@pinterest.com,3857.64
631349965,Starla,Prescot,sprescotfs@issuu.com,18618.94
319652544,Ulrike,Haldin,uhaldinft@state.gov,19711.23
43624187,Tyne,Simkovich,tsimkovichfu@digg.com,6141.45
610778902,Jamill,Matton,jmattonfv@uol.com.br,13784.28
442883167,Sheba,Cooke,scookefw@usa.gov,5293.5
324372185,Pren,Itschakov,pitschakovfx@phpbb.com,10734.97
100719403,Elmira,Albro,ealbrofy@1und1.de,23905.81
257182233,Albie,Dampier,adampierfz@xing.com,13210.26
175950121,Sylvan,Brownscombe,sbrownscombeg0@pen.io,16223.31
949031856,Falito,Fydo,ffydog1@dailymail.co.uk,10969.78
172252143,Janie,Cotsford,jcotsfordg2@slate.com,10338.3
851326700,Lauri,Marchbank,lmarchbankg3@addtoany.com,24222.34
459639888,Brandie,Spinello,bspinellog4@umich.edu,6124.44
229957390,Viv,Kovnot,vkovnotg5@reference.com,12506.8
512353421,Royce,Base,rbaseg6@noaa.gov,15280.56
735948498,Kennan,Padginton,kpadgintong7@edublogs.org,12696.66
40541067,Sloan,Gioani,sgioanig8@ftc.gov,3553.65
571198173,Nicholle,Edworthye,nedworthyeg9@cafepress.com,23980.93
417839610,Efrem,Mordon,emordonga@123reg.co.uk,4054.02
850862260,Mitzi,Lenney,mlenneygb@wisc.edu,19932.56
371042979,Lillis,Nassie,lnassiegc@furl.net,3985.62
295074047,Dinny,Jindrich,djindrichgd@mayoclinic.com,21946.19
516646232,Chanda,Cory,ccoryge@marriott.com,14678.51
846428751,Mitch,Marcombe,mmarcombegf@cbc.ca,21513.38
580137938,August,Skipworth,askipworthgg@blogger.com,17875.91
201051949,Fayina,Roser,frosergh@npr.org,18347.49
610739833,Annadiana,Martinelli,amartinelligi@economist.com,16566.06
488242867,Bertram,Frangleton,bfrangletongj@bluehost.com,12291.55
163879622,Denna,McAviy,dmcaviygk@gnu.org,16307.59
966367671,Hortensia,Rosenfarb,hrosenfarbgl@slideshare.net,23240.04
640877225,Brit,Insko,binskogm@msu.edu,8052.36
53042291,Tobe,Christofe,tchristofegn@1688.com,6220.4
59581602,Jacquie,De Bischop,jdebischopgo@ted.com,23149.98
478479255,Mose,Ciraldo,mciraldogp@nsw.gov.au,10986.81
519930249,Lauryn,Donnellan,ldonnellangq@indiegogo.com,12776.66
977859855,Elnore,Martinovic,emartinovicgr@canalblog.com,21683.53
514902738,Jenni,Dinesen,jdinesengs@miitbeian.gov.cn,22827.22
582551929,Bartram,Pumfrett,bpumfrettgt@etsy.com,12010.31
321619444,Loria,Wordsley,lwordsleygu@google.de,5943.48
230236973,Huey,Urion,huriongv@parallels.com,16180.68
865350575,Germana,Mansford,gmansfordgw@wsj.com,7554.01
622393377,Kevan,Tracy,ktracygx@flavors.me,7541.31
704072043,Lewes,Penketh,lpenkethgy@smugmug.com,20092.33
648018837,Rancell,Leopold,rleopoldgz@geocities.jp,3973.41
194647351,Vassili,Doornbos,vdoornbosh0@google.ca,7077.13
719345059,Norma,MacGaffey,nmacgaffeyh1@hatena.ne.jp,8164.89
230702609,Ethelind,Dowbekin,edowbekinh2@statcounter.com,3584.75
164927639,Giulia,Sellers,gsellersh3@msu.edu,11279.06
11009121,Richy,Kattenhorn,rkattenhornh4@booking.com,15051.26
240148395,Felecia,Zammett,fzammetth5@cdbaby.com,18715.89
773849929,Derron,Valder,dvalderh6@canalblog.com,9380.38
699827645,Germain,Ditt,gditth7@barnesandnoble.com,16778.52
307729851,Willard,Sullivan,wsullivanh8@yahoo.co.jp,15519.01
542466330,Alford,Leal,alealh9@angelfire.com,16805.74
160556588,Serena,Durtnel,sdurtnelha@google.ru,17745.46
655628294,Orsola,Janodet,ojanodethb@yelp.com,8260.11
741264211,Louisette,Turbitt,lturbitthc@apple.com,24064.62
68725396,Aimil,Hawthorne,ahawthornehd@com.com,13513.7
452430274,Kinnie,Beggi,kbeggihe@angelfire.com,10452.81
241330967,Rae,Kobpal,rkobpalhf@prnewswire.com,15012.89
969970623,Emilie,Riccelli,ericcellihg@discuz.net,23161.11
243201312,Decca,Segeswoeth,dsegeswoethhh@cafepress.com,9993.93
246481660,Mallorie,Gartland,mgartlandhi@miibeian.gov.cn,7456.37
632870810,Elyse,Frarey,efrareyhj@bbc.co.uk,21564.43
299401844,Francis,Halewood,fhalewoodhk@indiatimes.com,9165.23
79148495,Kingston,Aynscombe,kaynscombehl@msn.com,6288.04
983913349,Willie,Hoyles,whoyleshm@netlog.com,19285.1
503291210,Eleanora,Durrans,edurranshn@netlog.com,12375.52
959276866,Antoine,Minton,amintonho@shinystat.com,12763.35
819678817,Jeanine,Ferrey,jferreyhp@abc.net.au,8415.7
272983245,Jeddy,Kubec,jkubechq@google.it,4238.43
549997868,Albertine,Jury,ajuryhr@sitemeter.com,23568.35
501084495,Rickert,Hoyles,rhoyleshs@nba.com,9052.94
265548760,Blondell,Snoding,bsnodinght@is.gd,11979.92
407436307,Elysee,Sango,esangohu@intel.com,11020.41
180437469,Ranee,Cunningham,rcunninghamhv@meetup.com,22291.34
266184072,Adelaida,Lathwell,alathwellhw@tumblr.com,15931.54
722874679,Horacio,Fierro,hfierrohx@goo.ne.jp,9858.05
642662893,Olav,Keenleyside,okeenleysidehy@cbslocal.com,10496.52
207129482,Abran,Ege,aegehz@instagram.com,16577.1
582463039,Tiffany,Dibbe,tdibbei0@youku.com,3920.17
725682807,Kaiser,Monsey,kmonseyi1@wikispaces.com,16851.08
38536138,Nerissa,Bromehed,nbromehedi2@macromedia.com,19042.99
283398473,Arlette,Allberry,aallberryi3@wunderground.com,24991.76
371101276,Amata,Dormand,adormandi4@hugedomains.com,6875.06
791757746,Valentina,Ashmole,vashmolei5@tuttocitta.it,20675.03
440713378,Xever,Glew,xglewi6@hao123.com,14426.35
503632750,Derick,Hugland,dhuglandi7@tiny.cc,20240.47
649452982,Hynda,Klais,hklaisi8@networkadvertising.org,9211.34
692944051,Loy,Heam,lheami9@usatoday.com,15020.53
551384620,Rabi,O Mullen,romullenia@naver.com,22956.89
668736830,Caroline,Wick,cwickib@google.nl,9577.53
651254709,Lamar,Lardier,llardieric@china.com.cn,15639.87
404223888,Kissie,Newsham,knewshamid@posterous.com,10075.41
200387069,Zebedee,Mattisson,zmattissonie@merriamwebster.com,24385.66
662672432,Maridel,Mattiassi,mmattiassiif@tonline.de,6680.15
37946880,Bobinette,Benasik,bbenasikig@illinois.edu,18201.02
491427884,Che,Drivers,cdriversih@multiply.com,10345.1
314407700,Parker,Basilotta,pbasilottaii@guardian.co.uk,10069.09
952295319,Halsey,Bovaird,hbovairdij@behance.net,9474.28
172872652,Alayne,Gamble,agambleik@aboutads.info,11960.92
374449965,Hercules,Lodewick,hlodewickil@cpanel.net,15739.69
499412045,Farleigh,Judkin,fjudkinim@w3.org,23580.11
176132300,Robin,Getty,rgettyin@marketwatch.com,20375.9
975531493,Con,Tarquinio,ctarquinioio@dell.com,16401.87
891256842,Hugo,Hubbard,hhubbardip@blogspot.com,15473.15
872326056,Michelle,Harvie,mharvieiq@hao123.com,24975.5
763447798,Piotr,Littley,plittleyir@fotki.com,14943.3
754271083,Milli,Spurge,mspurgeis@berkeley.edu,12929.98
912842403,Johnny,Gooble,jgoobleit@hubpages.com,19966.32
842643553,Kippy,Stigers,kstigersiu@bandcamp.com,14517.17
815495969,Jaclyn,Bruin,jbruiniv@amazonaws.com,24856.07
135862389,Konstanze,Duly,kdulyiw@wikispaces.com,14099.02
589605329,Ranna,Wavish,rwavishix@usda.gov,16121.65
445621386,Danice,Dering,dderingiy@unblog.fr,7412.79
790381984,Tansy,Houlden,thouldeniz@example.com,13231.21
238561990,Grethel,Ebbotts,gebbottsj0@nifty.com,16716.51
906085897,Georgette,Birmingham,gbirminghamj1@creativecommons.org,22843.97
409294827,Granville,Seaman,gseamanj2@webmd.com,4288
288269845,Tristan,Pischof,tpischofj3@unc.edu,8879.39
490701413,Rodge,Conisbee,rconisbeej4@dagondesign.com,23500.65
742087043,Renie,Kopke,rkopkej5@joomla.org,9577.93
868678489,Latia,Wisby,lwisbyj6@comcast.net,20855.52
969211150,Elyn,Beastall,ebeastallj7@discuz.net,6886.08
733290339,Blondelle,Money,bmoneyj8@fema.gov,24563.53
419351052,Cassey,Packer,cpackerj9@privacy.gov.au,10659.76
948086307,Bink,Asp,baspja@vkontakte.ru,22109.6
673674568,Bobinette,Bygrove,bbygrovejb@mozilla.org,22487.29
305739683,Devinne,Fritschmann,dfritschmannjc@state.gov,17380.89
810668749,Drona,Jotcham,djotchamjd@arstechnica.com,16048.92
799189479,Tedi,Lukianov,tlukianovje@nydailynews.com,20336.7
98858880,Marilee,Kaiser,mkaiserjf@miitbeian.gov.cn,6228.91
273733374,Koralle,Magor,kmagorjg@ted.com,22633.89
774893845,Thomas,Gress,tgressjh@pen.io,11653.7
111453400,Cathrin,Aland,calandji@amazon.co.uk,6439.39
406695063,Arch,Grellier,agrellierjj@overblog.com,10830.77
874147921,Nobe,Dockreay,ndockreayjk@i2i.jp,13653.44
699259214,Stan,Battrum,sbattrumjl@newyorker.com,21035.8
43074637,Jo ann,O' Markey,jomarkeyjm@i2i.jp,14647.58
865873410,Vlad,Scase,vscasejn@yahoo.com,6684.34
351113422,Tate,Chapiro,tchapirojo@sitemeter.com,5462.06
23592176,Oates,Brobeck,obrobeckjp@studiopress.com,17397.52
412614427,Gabriel,Whorlton,gwhorltonjq@newyorker.com,22273.05
559353476,Susanne,Kubasiewicz,skubasiewiczjr@phoca.cz,9731.24
999895156,Trenton,Paff,tpaffjs@imdb.com,5763.96
362230038,Dorie,Cornehl,dcornehljt@ftc.gov,13478.66
940221005,Roger,Nother,rnotherju@google.fr,3568.35
700445041,Kelly,Rotham,krothamjv@nba.com,21827.92
677290656,Leena,Brummell,lbrummelljw@usnews.com,20221.23
532433284,Mathias,Marin,mmarinjx@altervista.org,13917.55
978530419,Enid,Fremantle,efremantlejy@mozilla.com,10805.02
512806748,Arin,Cannicott,acannicottjz@mlb.com,12006.38
206709520,Leonie,Shorter,lshorterk0@usda.gov,17099.58
467572885,Elisabetta,Angelini,eangelinik1@examiner.com,8645.75
430652640,Palmer,Easeman,peasemank2@dagondesign.com,13154.25
322540542,Kurt,Backes,kbackesk3@cyberchimps.com,4866.06
872571430,Adey,Stivers,astiversk4@domainmarket.com,5878.79
126289017,Renelle,Potes,rpotesk5@usatoday.com,12393.63
654766614,Mallory,Auston,maustonk6@senate.gov,18790.31
989621384,Lonni,McGeady,lmcgeadyk7@opera.com,23748.44
133174448,Tiphany,Worsnop,tworsnopk8@va.gov,23291.97
181123332,Scotty,Berkely,sberkelyk9@intel.com,21208.64
173048804,Sheridan,L'Episcopi,slepiscopika@a8.net,14970.82
641967653,Alecia,Adame,aadamekb@theatlantic.com,13717.64
767406952,Guenna,Learie,gleariekc@deviantart.com,20253.65
51811407,Koral,Stares,kstareskd@studiopress.com,5630.29
565980201,Marissa,Caff,mcaffke@gov.uk,16738.73
73347926,Mischa,Dufour,mdufourkf@freewebs.com,22757.58
264369582,Cloe,Shermar,cshermarkg@latimes.com,14706.47
515203965,Pete,Rolley,prolleykh@networksolutions.com,22342.22
191573855,Brocky,Caltun,bcaltunki@mac.com,20581.36
911887087,Amelia,Shergill,ashergillkj@ehow.com,4206.32
215039346,Derron,Hammersley,dhammersleykk@berkeley.edu,10761.62
927809248,Marrissa,Loxley,mloxleykl@delicious.com,20900.07
777648089,Tracie,Sincock,tsincockkm@mapy.cz,20889.8
408679976,Alyce,Ketchaside,aketchasidekn@cloudflare.com,8622.47
565215608,Parrnell,Arden,pardenko@google.com.br,24717.85
823091364,Benito,Vockings,bvockingskp@xing.com,16298.93
372618564,Willow,Ronan,wronankq@census.gov,22398
784202159,Rolando,Vel,rvelkr@furl.net,19503.16
162290070,Cora,Kingswold,ckingswoldks@xing.com,18700.06
345691722,Liv,Langford,llangfordkt@chicagotribune.com,18949.85
226220271,Barclay,Beefon,bbeefonku@noaa.gov,22884.5
95500053,Johnna,Holyland,jholylandkv@theguardian.com,8885.56
632788165,Alley,Mickan,amickankw@taobao.com,6434.1
649918996,Madge,Knill,mknillkx@unc.edu,9643.9
352763581,Alisun,Vanes,avanesky@liveinternet.ru,17433.42
793199763,Hunfredo,Hounihan,hhounihankz@constantcontact.com,8088.84
428230485,Caprice,Shipton,cshiptonl0@hud.gov,19086.14
593977245,Terrence,Luckham,tluckhaml1@fc2.com,10843.97
764962599,Flossi,O'Duane,foduanel2@soundcloud.com,8005.09
434716864,Kala,Flaws,kflawsl3@hud.gov,20035.56
383587958,Jeramie,Franciottoi,jfranciottoil4@squidoo.com,13046.08
251420154,Nissie,Renzini,nrenzinil5@ucla.edu,11351.57
987818881,Shelia,Kubera,skuberal6@google.com.hk,24694.3
611512894,Addia,Michallat,amichallatl7@scientificamerican.com,20431.36
132431167,Ottilie,Trebbett,otrebbettl8@deviantart.com,10065.02
308833163,Rufe,Castro,rcastrol9@listmanage.com,23135.57
900996830,Ramsay,Medhurst,rmedhurstla@kickstarter.com,19096.93
385956788,Port,Tender,ptenderlb@google.com.hk,21313.63
299130024,Melody,Boggs,mboggslc@foxnews.com,22795.88
54288370,Afton,Grunbaum,agrunbaumld@prlog.org,12411.11
39312855,Catlaina,Bierton,cbiertonle@webeden.co.uk,12202.64
723316590,Reg,Thorns,rthornslf@stumbleupon.com,11820.29
984765865,Desiri,Stubbley,dstubbleylg@biglobe.ne.jp,11500.85
234852148,Pinchas,Scadding,pscaddinglh@tripadvisor.com,19747.86
471585243,Lorne,Bess,lbessli@independent.co.uk,4138.95
480400868,Ruby,Breitler,rbreitlerlj@ibm.com,24501.42
883391025,Giavani,Tattersill,gtattersilllk@usa.gov,22483.22
280414095,Rolf,Koene,rkoenell@tinyurl.com,24567.67
30731920,Danyelle,Poile,dpoilelm@geocities.jp,22589.79
883952282,Aldrich,Chesswas,achesswasln@deliciousdays.com,15048.33
487848975,Danni,Barritt,dbarrittlo@infoseek.co.jp,9320.74
360105398,Kacie,Casserley,kcasserleylp@utexas.edu,9015.93
609114394,Florian,Disman,fdismanlq@mediafire.com,7142.71
231864771,Ward,Renton,wrentonlr@cam.ac.uk,10129.49
790356285,Nico,Dugget,nduggetls@microsoft.com,10027.14
138412001,Eleonore,Crookshank,ecrookshanklt@edublogs.org,11985.45
260484395,Ali,Petow,apetowlu@google.nl,9892.67
384823322,Jayme,Nears,jnearslv@networkadvertising.org,8045.59
791442166,Baldwin,Bailess,bbailesslw@wikia.com,21997.73
906688467,Clea,Wrates,cwrateslx@imageshack.us,9747.93
236399015,Michele,Carberry,mcarberryly@nih.gov,18141.45
280080707,Rolph,Mosdill,rmosdilllz@bloglines.com,9024.35
176915280,Sarina,Iwanczyk,siwanczykm0@shutterfly.com,23981.67
383217789,Mead,Tomicki,mtomickim1@mayoclinic.com,18531.49
749073794,Helge,Grace,hgracem2@bloglines.com,18765.03
525240247,Nicoline,Stanmore,nstanmorem3@ucla.edu,7304.19
512168905,Gianni,Petraitis,gpetraitism4@mit.edu,24201.42
272099959,Essie,Froome,efroomem5@csmonitor.com,20874.65
882438387,Dusty,Newsome,dnewsomem6@theguardian.com,4333.64
320422981,Kendell,Krolle,kkrollem7@smugmug.com,19094.94
691091572,Gleda,Ewins,gewinsm8@is.gd,18612.5
316021502,Candace,Elphey,celpheym9@amazonaws.com,11909.1
888338382,Ingeberg,Orlton,iorltonma@deviantart.com,12892.69
553209636,Willie,Gott,wgottmb@wp.com,23617.93
87709066,Jerrilyn,Smuth,jsmuthmc@yale.edu,8707.51
486912975,Lianne,Laverenz,llaverenzmd@gnu.org,16350.91
625675783,Evangeline,Gosby,egosbyme@hhs.gov,23551.25
456653661,Harriott,Thorlby,hthorlbymf@furl.net,24489.69
277129052,Star,Lantaff,slantaffmg@slashdot.org,19324.37
171340690,Lorenzo,Heaney`,lheaneymh@ted.com,9825.96
573015267,Kissiah,Karleman,kkarlemanmi@google.co.jp,16375.91
397949586,Emlynn,Longmire,elongmiremj@scribd.com,17039.99
152829952,Saba,Braunfeld,sbraunfeldmk@webnode.com,7592.63
256761827,Miquela,Cappell,mcappellml@symantec.com,9551.8
648828331,Gennie,Turley,gturleymm@ocn.ne.jp,12591.92
94959069,Frayda,Edgeson,fedgesonmn@quantcast.com,8049.39
828987987,Allegra,Jeger,ajegermo@drupal.org,21600.14
246162730,Nanine,McGeffen,nmcgeffenmp@answers.com,4234.06
961171829,Hardy,Kullmann,hkullmannmq@plala.or.jp,13565.92
578590688,Quintus,MacScherie,qmacscheriemr@live.com,23920.51
935502049,Belia,Calbreath,bcalbreathms@archive.org,16182.57
674632644,Stearne,Folini,sfolinimt@illinois.edu,16497.62
594546228,Adelice,Acomb,aacombmu@zdnet.com,6550.91
417742234,Melisande,Cartmill,mcartmillmv@va.gov,5424.48
922298527,Kipp,Glaze,kglazemw@fda.gov,15831.95
679447269,Aldric,Fealey,afealeymx@sfgate.com,15192.1
974690339,Garrett,Dabbes,gdabbesmy@webs.com,9522.85
383497123,Regine,Walkey,rwalkeymz@tumblr.com,5346.3
941277772,Kristoffer,Blaisdell,kblaisdelln0@usatoday.com,13940.74
213160173,Olva,Deverall,odeveralln1@sun.com,21866.15
337955649,Gaile,Crocker,gcrockern2@myspace.com,18747.53
635317846,Leroy,Foad,lfoadn3@archive.org,12536.03
644992497,Cornela,Gurery,cgureryn4@wufoo.com,9384.45
749074751,Zea,Glennie,zglennien5@usatoday.com,21219.56
539969299,Merrie,Kennifick,mkennifickn6@bbc.co.uk,4606.6
946707082,Buckie,Giddens,bgiddensn7@unc.edu,14357.6
412874995,Dag,Nijs,dnijsn8@ftc.gov,6068.58
637547665,Earvin,Arcase,earcasen9@shutterfly.com,14472.65
570963077,Bobbee,Vondrach,bvondrachna@noaa.gov,20704.32
970646824,Ashil,Jeune,ajeunenb@drupal.org,11475.62
7286591,Dusty,Buterton,dbutertonnc@deliciousdays.com,23357.67
630029068,Hetty,Peaurt,hpeaurtnd@myspace.com,5309.75
118322168,Wat,Feldstern,wfeldsternne@mapquest.com,23792.62
186301893,Shirlene,De la Barre,sdelabarrenf@bluehost.com,15900.4
414856948,Amelita,Geraldini,ageraldining@hhs.gov,19699.48
679715196,Mireielle,Dowse,mdowsenh@amazon.com,8951.55
734950752,Sanderson,Copping,scoppingni@cnn.com,16601.2
294179840,Leann,Pendrick,lpendricknj@admin.ch,18526.29
357882086,Gianina,Aaronsohn,gaaronsohnnk@macromedia.com,4787.82
128644652,Brett,Marchello,bmarchellonl@unblog.fr,8680.28
197901819,Leora,Revey,lreveynm@shoppro.jp,15578.81
662654582,Darya,Milbourne,dmilbournenn@hud.gov,5698.98
103105889,Kary,Lovett,klovettno@ebay.com,4392.73
579547621,Christiane,Bortoloni,cbortoloninp@fotki.com,21348.38
292851178,Peg,Cutteridge,pcutteridgenq@ucoz.ru,9076.86
931858550,Tedda,Tingley,ttingleynr@ameblo.jp,5961.08
673253479,Dmitri,Brehat,dbrehatns@ed.gov,17975.59
28157129,Arly,Fairbank,afairbanknt@seattletimes.com,22706.64
108098958,Hyacinthie,Oldman,holdmannu@guardian.co.uk,23134.4
158706106,Gardener,Glanders,gglandersnv@huffingtonpost.com,18260.89
665265843,Ainsley,GraftonHerbert,agraftonherbertnw@pen.io,14153.82
241382911,Riley,Mixter,rmixternx@pbs.org,4789.24
135647195,Natala,Budgen,nbudgenny@myspace.com,7158.05
945780150,Lynelle,Ruffy,lruffynz@ibm.com,24120.51
908197783,Dusty,Massen,dmasseno0@elpais.com,14002.38
671907171,Isobel,Cloonan,icloonano1@wunderground.com,17253.96
361680366,Jasmina,Headan,jheadano2@sogou.com,4571.69
987630241,Scarlett,Stivey,sstiveyo3@irs.gov,21759.45
214658599,Eada,Joderli,ejoderlio4@addtoany.com,12553.09
378059620,Eldin,Hannaby,ehannabyo5@wordpress.com,23658.24
125039399,Auguste,Cannicott,acannicotto6@geocities.jp,12236.88
715622995,Tobe,Feltham,tfelthamo7@moonfruit.com,22968.59
403073247,Toni,Flahy,tflahyo8@accuweather.com,6711.54
444353219,Tony,McGiffie,tmcgiffieo9@people.com.cn,21473.14
706589064,Ruprecht,Merryweather,rmerryweatheroa@dot.gov,5359.01
564346733,Tommie,Battell,tbattellob@ning.com,18032.76
474317096,Janith,Bulward,jbulwardoc@edublogs.org,6610.26
776915149,Dillie,Schlagman,dschlagmanod@360.cn,15857.01
280106756,Chan,Scad,cscadoe@narod.ru,16633.64
599020409,Igor,Timothy,itimothyof@apache.org,6691.02
968712171,Shell,McReynolds,smcreynoldsog@mit.edu,10468.87
115915846,Delora,Agastina,dagastinaoh@huffingtonpost.com,19009.53
306061498,Amelie,Sier,asieroi@shutterfly.com,3944.84
632153531,Marieann,Woodbridge,mwoodbridgeoj@networksolutions.com,20545.34
670375373,Piotr,Tiley,ptileyok@dailymotion.com,9924.04
420081846,Izak,Pimlott,ipimlottol@chronoengine.com,11048.47
718737081,Bili,Bickmore,bbickmoreom@berkeley.edu,19249.8
362369965,Eben,Seppey,eseppeyon@dmoz.org,7646.61
30969166,Cally,Colebourne,ccolebourneoo@lulu.com,15162.59
77446061,Kylie,Torrans,ktorransop@apple.com,10942.96
223384333,Esmeralda,Cosh,ecoshoq@uol.com.br,15402.27
426904309,Lovell,Cuolahan,lcuolahanor@microsoft.com,11081.62
683317180,Nannette,Gildersleaves,ngildersleavesos@cafepress.com,18519.72
444176493,Scot,Abley,sableyot@ovh.net,13412.16
522190382,Flss,De Coursey,fdecourseyou@ox.ac.uk,24049.03
172424053,Mahalia,Dulany,mdulanyov@netvibes.com,17894.63
205975358,Trudy,Prall,tprallow@nifty.com,17182.97
34585423,Evelina,Masser,emasserox@livejournal.com,23596.9
647838937,Jorge,Kisby,jkisbyoy@spotify.com,24329.45
143982689,Desiree,Sitch,dsitchoz@shareasale.com,15428.52
801572648,Bari,Hymer,bhymerp0@elegantthemes.com,7090.21
255596109,Faith,Hairs,fhairsp1@ustream.tv,19975.7
454954388,Norry,Livsey,nlivseyp2@studiopress.com,4935.06
762287918,Aundrea,Korbmaker,akorbmakerp3@alexa.com,11740.82
575893444,Matthias,Briand,mbriandp4@google.pl,9480.7
854081916,Micah,Rapsey,mrapseyp5@discuz.net,11956.83
756385631,Lynna,Mitchelmore,lmitchelmorep6@wired.com,15641.37
879513295,Kelli,Camis,kcamisp7@wix.com,22745.03
944949574,Karoly,Ferrillio,kferrilliop8@shoppro.jp,7499.31
588365619,Gianina,Rotge,grotgep9@slate.com,12337.65
844542370,Sheelah,Verheijden,sverheijdenpa@wikia.com,23117.63
821602216,Johnath,Tiron,jtironpb@usatoday.com,7663.38
988802392,Cherida,Plampeyn,cplampeynpc@ucla.edu,13029.46
995075089,Imogen,Marfe,imarfepd@nyu.edu,14355.48
871706030,Fionnula,Foucher,ffoucherpe@ehow.com,4788.87
199850506,Ardelia,Brumbie,abrumbiepf@goodreads.com,9412.86
505509904,Sindee,McPaik,smcpaikpg@ibm.com,10522.38
837225459,Ivie,Warner,iwarnerph@go.com,4303.67
936282244,Jacky,Bonifazio,jbonifaziopi@gizmodo.com,10288.66
872972022,Marla,Capnor,mcapnorpj@lulu.com,14117.83
267016812,Roberta,Spalls,rspallspk@altervista.org,20589.56
395924600,Aggi,Attenbarrow,aattenbarrowpl@cbc.ca,24320.21
208538140,Anselm,Laughren,alaughrenpm@va.gov,10326.53
209528338,Claus,Awde,cawdepn@earthlink.net,6594.36
391722125,Leoine,Whitty,lwhittypo@sourceforge.net,12145.79
446654112,Marijn,Trevillion,mtrevillionpp@fda.gov,4023.37
732195963,Lilia,Mabone,lmabonepq@lulu.com,14256.64
570425583,Gertruda,McNutt,gmcnuttpr@bigcartel.com,15709.22
86757346,Salvatore,Sinclair,ssinclairps@bravesites.com,8927.3
272439150,Englebert,Curnock,ecurnockpt@hao123.com,17646.2
100247984,Remy,Dedham,rdedhampu@php.net,18922
792667531,Giraldo,Silverwood,gsilverwoodpv@friendfeed.com,23387.58
441456342,Hilde,Youde,hyoudepw@nationalgeographic.com,20603.71
564633129,Etti,Gisburn,egisburnpx@cloudflare.com,16036.07
848661441,Riobard,Scottini,rscottinipy@imdb.com,5259.86
937058738,Celene,Strathe,cstrathepz@prweb.com,5997.2
183580512,Mercedes,Wordesworth,mwordesworthq0@comsenz.com,16813.07
94142373,Eleanore,Levensky,elevenskyq1@npr.org,17352.14
235652162,Giulio,Twigge,gtwiggeq2@eepurl.com,14637.04
478602718,Tremain,Pirrey,tpirreyq3@forbes.com,20106.65
608972098,Teodoor,Greystoke,tgreystokeq4@aol.com,12146.98
741645096,Cathy,Crosham,ccroshamq5@unesco.org,15090.56
585805113,Orv,Achurch,oachurchq6@webnode.com,15734.19
55497759,Cammi,Crippes,ccrippesq7@accuweather.com,9330.05
737968632,Nadia,Llopis,nllopisq8@jigsy.com,14242.24
258428523,Kaine,Foyster,kfoysterq9@webmd.com,8718.2
456963706,Jeff,Augar,jaugarqa@chron.com,5301.22
237487682,Jourdan,Cushelly,jcushellyqb@berkeley.edu,18013.41
674519491,Angelo,Linnett,alinnettqc@cafepress.com,11585.82
437172457,Sonnie,Clunie,sclunieqd@hhs.gov,14003.45
391637054,Terrel,Patek,tpatekqe@smugmug.com,13617.84
64320854,Randie,Bilton,rbiltonqf@soundcloud.com,13541.58
778359963,Teresita,Fluit,tfluitqg@163.com,15499.09
148629185,Errol,Janecek,ejanecekqh@ehow.com,15146.09
848338618,Stevena,Springett,sspringettqi@dot.gov,5590.61
659860231,Gorden,Cabble,gcabbleqj@miibeian.gov.cn,12585.5
711486836,Dannel,Mahaddie,dmahaddieqk@comsenz.com,14575.08
291350443,Wolf,Haibel,whaibelql@mlb.com,6903.35
810990947,Myrwyn,Duchesne,mduchesneqm@yale.edu,6348.4
814575223,Merissa,Garr,mgarrqn@qq.com,22818.19
91745841,Fayina,Trenchard,ftrenchardqo@netlog.com,23057.55
905292787,Maureen,Fleg,mflegqp@buzzfeed.com,17703.77
263234666,Antonetta,Baytrop,abaytropqq@apple.com,18028.25
881054799,Wendell,Pershouse,wpershouseqr@google.cn,21940.52
743630559,Roch,Arbon,rarbonqs@hexun.com,20894.17
530266941,Kinny,Stather,kstatherqt@hostgator.com,24703.29
360126271,Aldrich,Cowdrey,acowdreyqu@hud.gov,12461.03
577492447,Jamie,Asals,jasalsqv@cdbaby.com,8549.49
773837245,Essie,Klassmann,eklassmannqw@mashable.com,22199.1
27008747,Shauna,Gasker,sgaskerqx@zdnet.com,22271.87
250154610,Eddie,Gleader,egleaderqy@xinhuanet.com,14298.78
219978518,Jewelle,Gibb,jgibbqz@va.gov,16748.93
394721795,Sisely,Glasscoe,sglasscoer0@wordpress.org,24692.24
674453527,Linda,Lomath,llomathr1@auda.org.au,14609.71
535656998,Daryn,Berkelay,dberkelayr2@cmu.edu,17828.26
702247193,Brady,Lightbody,blightbodyr3@google.ru,16714.36
52254369,Eveleen,Ruske,erusker4@taobao.com,17243.2
163922523,Athene,Tschursch,atschurschr5@blogger.com,10110.48
661226690,Colas,Stanyan,cstanyanr6@nationalgeographic.com,19216.36
734166390,Dolores,Moore,dmoorer7@amazon.co.jp,7942.92
196457439,Adrea,Coppock.,acoppockr8@rakuten.co.jp,10435.03
146234436,Leopold,Ladson,lladsonr9@issuu.com,12566
283927074,Yurik,Elliker,yellikerra@accuweather.com,21548.28
560737651,Darbie,Teape,dteaperb@pcworld.com,24078.34
716996792,Audrey,Dalrymple,adalrymplerc@wisc.edu,23640.42
798071400,Cathlene,O'Sharkey,cosharkeyrd@boston.com,7487.86
576494860,Rex,Bissiker,rbissikerre@princeton.edu,10795.18
83870603,Brandtr,McCall,bmccallrf@taobao.com,6911.06
619085499,Thurston,Crooke,tcrookerg@whitehouse.gov,11592.81
879654481,Wendy,Uttley,wuttleyrh@dion.ne.jp,12340.15
649038797,Grover,Eglese,gegleseri@smugmug.com,16894
582582027,Orsa,Panas,opanasrj@homestead.com,10253.77
67537135,Anet,Lortzing,alortzingrk@domainmarket.com,10625.26
782129313,Davy,Spatarul,dspatarulrl@usda.gov,10226.97
623276146,Hugh,Petrolli,hpetrollirm@listmanage.com,21275.13
892922869,Philis,Jimson,pjimsonrn@aboutads.info,4689.04
448766352,Renelle,Mathewson,rmathewsonro@biblegateway.com,20470.54
838925823,Gerty,Mandry,gmandryrp@blinklist.com,23466.25
325676105,Mahala,Delete,mdeleterq@examiner.com,24985.62
737289138,Caroljean,Facey,cfaceyrr@facebook.com,20265.95
